{
  "name": "Random Forest",
  "modelType": "Random Forest",
  "metrics": {
    "accuracy": 0.996,
    "f1_score": 0.9960000560109782,
    "precision": 0.9960021043556361,
    "recall": 0.996,
    "auc_roc": 0.9998789727688732
  },
  "parameters": {
    "n_estimators": 100,
    "max_depth": 15,
    "min_samples_split": 5,
    "min_samples_leaf": 2,
    "random_state": 42
  },
  "trainingTime": 0.4653947353363037,
  "mlflowRunId": "623fd728899f4478b302ae6e5865ed56",
  "completedAt": "2026-04-06T08:45:16.704679"
}