{
  "models": {
    "Logistic Regression": {
      "accuracy": 0.993,
      "f1_score": 0.9929997619311981,
      "precision": 0.9930074706969215,
      "recall": 0.993,
      "auc_roc": 0.9996099122302518,
      "run_id": "0698da61643e4526af5cefcc634fd5e8"
    },
    "Random Forest": {
      "accuracy": 0.996,
      "f1_score": 0.9960000560109782,
      "precision": 0.9960021043556361,
      "recall": 0.996,
      "auc_roc": 0.9998789727688732,
      "run_id": "623fd728899f4478b302ae6e5865ed56"
    },
    "XGBoost": {
      "accuracy": 0.996,
      "f1_score": 0.9960000560109782,
      "precision": 0.9960021043556361,
      "recall": 0.996,
      "auc_roc": 0.9999459878472656,
      "run_id": "27100f13d8c74bf9bf6c1e21e0440b94"
    }
  },
  "bestModel": "Random Forest",
  "completedAt": "2026-04-06T08:45:29.016346"
}