{
  "name": "XGBoost",
  "modelType": "XGBoost",
  "metrics": {
    "accuracy": 0.996,
    "f1_score": 0.9960000560109782,
    "precision": 0.9960021043556361,
    "recall": 0.996,
    "auc_roc": 0.9999459878472656
  },
  "parameters": {
    "n_estimators": 200,
    "max_depth": 6,
    "learning_rate": 0.1,
    "subsample": 0.8,
    "colsample_bytree": 0.8,
    "eval_metric": "logloss",
    "random_state": 42
  },
  "trainingTime": 1.7743804454803467,
  "mlflowRunId": "27100f13d8c74bf9bf6c1e21e0440b94",
  "completedAt": "2026-04-06T08:45:28.942994"
}