{
  "modelName": "XGBoost",
  "fpr": [
    0.0,
    0.0,
    0.0,
    0.0,
    0.0,
    0.0,
    0.0,
    0.0,
    0.0,
    0.0,
    0.0,
    0.0,
    0.0,
    0.0,
    0.0,
    0.0,
    0.0,
    0.0,
    0.0,
    0.0,
    0.0,
    0.0,
    0.0,
    0.0,
    0.0,
    0.0,
    0.0,
    0.0,
    0.0,
    0.0,
    0.0,
    0.0,
    0.0,
    0.0,
    0.0,
    0.0,
    0.0,
    0.0,
    0.0,
    0.0,
    0.0,
    0.0,
    0.0,
    0.0,
    0.0,
    0.0,
    0.0,
    0.0,
    0.0,
    0.0,
    0.0,
    0.0,
    0.0,
    0.0,
    0.0,
    0.0,
    0.0,
    0.0,
    0.0,
    0.0,
    0.0,
    0.0,
    0.0,
    0.0,
    0.0,
    0.0,
    0.0,
    0.0,
    0.0,
    0.0,
    0.0,
    0.0,
    0.0,
    0.0,
    0.0,
    0.0,
    0.0,
    0.0,
    0.0,
    0.0,
    0.0,
    0.0,
    0.0,
    0.0,
    0.0,
    0.0,
    0.0,
    0.0,
    0.0,
    0.0,
    0.0,
    0.0,
    0.0,
    0.0,
    0.0,
    0.0,
    0.0,
    0.0,
    0.0,
    0.0,
    0.0,
    0.0,
    0.0,
    0.0,
    0.0,
    0.0,
    0.0,
    0.0,
    0.0,
    0.0,
    0.0,
    0.0,
    0.0,
    0.0,
    0.0,
    0.0,
    0.0,
    0.0,
    0.0,
    0.0,
    0.0,
    0.0,
    0.0,
    0.0,
    0.0,
    0.0,
    0.0,
    0.0,
    0.0,
    0.0,
    0.0,
    0.0,
    0.0,
    0.0,
    0.0,
    0.0,
    0.0,
    0.0,
    0.0,
    0.0,
    0.0,
    0.0,
    0.0,
    0.0,
    0.0,
    0.0,
    0.0,
    0.0,
    0.0,
    0.0,
    0.0,
    0.0,
    0.0,
    0.0,
    0.0,
    0.0,
    0.0,
    0.0,
    0.0,
    0.0,
    0.0,
    0.0,
    0.0,
    0.0,
    0.0,
    0.0,
    0.0,
    0.0,
    0.0,
    0.0,
    0.0,
    0.0,
    0.0,
    0.0,
    0.0,
    0.0,
    0.0,
    0.0,
    0.0,
    0.0,
    0.0,
    0.0,
    0.0,
    0.0,
    0.0,
    0.0,
    0.0,
    0.0009852216748768472,
    0.0009852216748768472,
    0.0019704433497536944,
    0.0019704433497536944,
    0.002955665024630542,
    0.002955665024630542,
    0.003940886699507389,
    0.0049261083743842365,
    0.0049261083743842365,
    0.005911330049261084,
    0.005911330049261084,
    0.015763546798029555,
    0.015763546798029555
  ],
  "tpr": [
    0.0,
    0.0020304568527918783,
    0.003045685279187817,
    0.007106598984771574,
    0.009137055837563452,
    0.013197969543147208,
    0.016243654822335026,
    0.018274111675126905,
    0.027411167512690356,
    0.029441624365482234,
    0.030456852791878174,
    0.03857868020304569,
    0.04060913705583756,
    0.04467005076142132,
    0.046700507614213196,
    0.05380710659898477,
    0.05685279187817259,
    0.06091370558375635,
    0.06598984771573604,
    0.06903553299492386,
    0.07106598984771574,
    0.07411167512690356,
    0.07918781725888324,
    0.08121827411167512,
    0.08527918781725888,
    0.08934010152284264,
    0.09238578680203045,
    0.09340101522842639,
    0.09949238578680203,
    0.10456852791878173,
    0.10761421319796954,
    0.10862944162436548,
    0.11065989847715736,
    0.11472081218274112,
    0.116751269035533,
    0.11776649746192894,
    0.12284263959390863,
    0.12385786802030457,
    0.12690355329949238,
    0.13705583756345177,
    0.1431472081218274,
    0.14720812182741116,
    0.14923857868020304,
    0.15431472081218275,
    0.15736040609137056,
    0.1634517766497462,
    0.16446700507614212,
    0.16852791878172588,
    0.16954314720812183,
    0.1715736040609137,
    0.17563451776649747,
    0.17766497461928935,
    0.17969543147208122,
    0.1817258883248731,
    0.18375634517766498,
    0.18680203045685279,
    0.19289340101522842,
    0.19695431472081218,
    0.2,
    0.20406091370558377,
    0.20812182741116753,
    0.20913705583756345,
    0.21116751269035533,
    0.21421319796954313,
    0.2152284263959391,
    0.22131979695431472,
    0.22538071065989848,
    0.22741116751269036,
    0.22842639593908629,
    0.23248730964467004,
    0.233502538071066,
    0.23959390862944163,
    0.24263959390862944,
    0.24873096446700507,
    0.24974619289340103,
    0.25583756345177666,
    0.2598984771573604,
    0.26192893401015227,
    0.265989847715736,
    0.27106598984771574,
    0.2751269035532995,
    0.2781725888324873,
    0.27918781725888325,
    0.2812182741116751,
    0.28223350253807106,
    0.28426395939086296,
    0.29035532994923857,
    0.2913705583756345,
    0.2934010152284264,
    0.2984771573604061,
    0.30456852791878175,
    0.30558375634517765,
    0.30761421319796955,
    0.3197969543147208,
    0.3218274111675127,
    0.32284263959390863,
    0.3248730964467005,
    0.3269035532994924,
    0.32893401015228424,
    0.332994923857868,
    0.3380710659898477,
    0.33908629441624366,
    0.3411167512690355,
    0.3472081218274112,
    0.34822335025380713,
    0.3522842639593909,
    0.3532994923857868,
    0.3553299492385787,
    0.3583756345177665,
    0.3634517766497462,
    0.36548223350253806,
    0.3695431472081218,
    0.3715736040609137,
    0.3725888324873096,
    0.3746192893401015,
    0.3786802030456853,
    0.37969543147208124,
    0.38274111675126904,
    0.3868020304568528,
    0.38883248730964465,
    0.3918781725888325,
    0.39390862944162436,
    0.4020304568527919,
    0.4040609137055838,
    0.4071065989847716,
    0.40812182741116754,
    0.4121827411167513,
    0.4152284263959391,
    0.41928934010152286,
    0.4294416243654822,
    0.43147208121827413,
    0.4355329949238579,
    0.43959390862944164,
    0.4416243654822335,
    0.44568527918781725,
    0.4467005076142132,
    0.45076142131979696,
    0.4527918781725888,
    0.4548223350253807,
    0.45685279187817257,
    0.4578680203045685,
    0.45989847715736043,
    0.46598984771573604,
    0.4842639593908629,
    0.4883248730964467,
    0.49137055837563454,
    0.49746192893401014,
    0.5015228426395939,
    0.5045685279187817,
    0.5106598984771573,
    0.5137055837563452,
    0.5248730964467005,
    0.5289340101522843,
    0.5299492385786801,
    0.534010152284264,
    0.5401015228426396,
    0.5431472081218274,
    0.5451776649746193,
    0.550253807106599,
    0.5543147208121827,
    0.5796954314720812,
    0.581725888324873,
    0.583756345177665,
    0.5857868020304569,
    0.5888324873096447,
    0.5959390862944163,
    0.5979695431472081,
    0.6213197969543147,
    0.6233502538071066,
    0.6253807106598985,
    0.6284263959390863,
    0.6395939086294417,
    0.6639593908629442,
    0.665989847715736,
    0.6710659898477157,
    0.6730964467005076,
    0.6761421319796954,
    0.6781725888324873,
    0.700507614213198,
    0.7045685279187818,
    0.7065989847715736,
    0.7197969543147208,
    0.7218274111675127,
    0.732994923857868,
    0.7350253807106599,
    0.8730964467005076,
    0.9766497461928934,
    0.9766497461928934,
    0.9928934010152284,
    0.9928934010152284,
    0.9949238578680203,
    0.9949238578680203,
    0.9959390862944163,
    0.9969543147208122,
    0.9969543147208122,
    0.9979695431472081,
    0.9979695431472081,
    0.9989847715736041,
    0.9989847715736041,
    1.0
  ],